,wonum,targstartdate,targcompdate,schedstartdate
0,H13807098,01/12/0001,09/03/0002,4/10/0002
1,H13807108,01/12/0001,09/03/0002,6/2/0002
2,H13807113,01/12/0001,09/03/0002,5/6/0002
3,H13807118,01/12/0001,09/03/0002,3/4/0002
4,H13807123,01/12/0001,09/03/0002,25/6/0001
5,H13807128,01/12/0001,09/03/0002,25/8/0001
6,H13807133,01/12/0001,09/03/0002,4/13/0002
7,H13807138,01/12/0001,09/03/0002,2/10/0002
8,H13807143,01/12/0001,09/03/0002,24/13/0001
9,H13807148,01/12/0001,09/03/0002,24/8/0001
10,H13807153,01/12/0001,09/03/0002,4/1/0002
11,H13807158,01/12/0001,09/03/0002,2/3/0002
12,H13807163,01/12/0001,09/03/0002,2/14/0002
13,H13807168,01/12/0001,09/03/0002,24/14/0001
14,H13807173,01/12/0001,09/03/0002,25/4/0001
15,H13807178,01/12/0001,09/03/0002,6/7/0002
16,H13807183,01/12/0001,09/03/0002,2/5/0002
17,H13807188,01/12/0001,09/03/0002,4/1/0002
18,H13807193,01/12/0001,09/03/0002,24/6/0001
19,H13807198,01/12/0001,09/03/0002,5/2/0002
20,H13807203,01/12/0001,09/03/0002,3/2/0002
21,H13807208,01/12/0001,09/03/0002,24/8/0001
22,H13807213,01/12/0001,09/03/0002,3/3/0002
23,H13807218,01/12/0001,09/03/0002,3/6/0002
24,H13807223,01/12/0001,09/03/0002,4/5/0002
25,H13807228,01/12/0001,09/03/0002,24/14/0001
26,H13807233,01/12/0001,09/03/0002,5/10/0002
27,H13819926,01/02/0002,22/03/0002,4/1/0002
28,H13819931,01/02/0002,22/03/0002,7/4/0002
29,H13819936,01/02/0002,22/03/0002,6/3/0002
30,H13819941,01/02/0002,22/03/0002,4/2/0002
31,H13819946,01/02/0002,22/03/0002,5/5/0002
32,H13819951,01/02/0002,22/03/0002,6/4/0002
33,H13819956,01/02/0002,22/03/0002,5/4/0002
34,H13819961,01/02/0002,22/03/0002,6/4/0002
35,H13819966,01/02/0002,22/03/0002,4/5/0002
36,H13819971,01/02/0002,22/03/0002,6/6/0002
37,H13819976,01/02/0002,22/03/0002,4/5/0002
38,H13819981,01/02/0002,22/03/0002,7/5/0002
39,H13819986,01/02/0002,22/03/0002,6/7/0002
40,H13819991,01/02/0002,22/03/0002,4/11/0002
41,H13819996,01/02/0002,22/03/0002,6/8/0002
42,H13820001,01/02/0002,22/03/0002,5/11/0002
43,H13820006,01/02/0002,22/03/0002,6/1/0002
44,H13820011,01/02/0002,22/03/0002,6/1/0002
45,H13820021,01/02/0002,22/03/0002,6/14/0002
46,H13820026,01/02/0002,22/03/0002,5/12/0002
47,H13820031,01/02/0002,22/03/0002,4/2/0002
48,H13820036,01/02/0002,22/03/0002,6/13/0002
49,H13820041,01/02/0002,22/03/0002,6/9/0002
50,H13820046,01/02/0002,22/03/0002,4/1/0002
51,H13820051,01/02/0002,22/03/0002,4/15/0002
52,H13820056,01/02/0002,22/03/0002,4/11/0002
53,H13820061,01/02/0002,22/03/0002,6/10/0002
54,H13820066,01/02/0002,22/03/0002,4/11/0002
55,H13820071,01/02/0002,22/03/0002,6/6/0002
56,H13820076,01/02/0002,22/03/0002,6/8/0002
57,H13820081,01/02/0002,22/03/0002,6/4/0002
58,H13820086,01/02/0002,22/03/0002,6/1/0002
59,H13820091,01/02/0002,22/03/0002,7/2/0002
60,H13820096,01/02/0002,22/03/0002,4/2/0002
61,H13820101,01/02/0002,22/03/0002,4/1/0002
62,H13820106,01/02/0002,22/03/0002,5/11/0002
63,H13820111,01/02/0002,22/03/0002,6/13/0002
64,H13830332,01/03/0002,07/06/0002,11/13/0002
65,H13830342,01/03/0002,07/06/0002,7/6/0002
66,H13830347,01/03/0002,07/06/0002,6/5/0002
67,H13830352,01/03/0002,07/06/0002,7/10/0002
68,H13830357,01/03/0002,07/06/0002,7/8/0002
69,H13830362,01/03/0002,07/06/0002,6/15/0002
70,H13830367,01/03/0002,07/06/0002,11/7/0002
71,H13830372,01/03/0002,07/06/0002,9/14/0002
72,H13830377,01/03/0002,07/06/0002,7/9/0002
73,H13830382,01/03/0002,07/06/0002,10/9/0002
74,H13830387,01/03/0002,07/06/0002,6/14/0002
75,H13830392,01/03/0002,07/06/0002,10/6/0002
76,H13830397,01/03/0002,07/06/0002,8/12/0002
77,H13830402,01/03/0002,07/06/0002,6/2/0002
78,H13830407,01/03/0002,07/06/0002,7/4/0002
79,H13830412,01/03/0002,07/06/0002,9/9/0002
80,H13830417,01/03/0002,07/06/0002,7/0/0002
81,H13830422,01/03/0002,07/06/0002,6/1/0002
82,H13830427,01/03/0002,07/06/0002,10/15/0002
83,H13830432,01/03/0002,07/06/0002,9/11/0002
84,H13830437,01/03/0002,07/06/0002,11/11/0002
85,H13830442,01/03/0002,07/06/0002,7/4/0002
86,H13830447,01/03/0002,07/06/0002,10/10/0002
87,H13830452,01/03/0002,07/06/0002,9/9/0002
88,H13830457,01/03/0002,07/06/0002,7/8/0002
89,H13830462,01/03/0002,07/06/0002,10/13/0002
90,H13830467,01/03/0002,07/06/0002,9/1/0002
91,H13830477,01/03/0002,19/04/0002,7/10/0002
92,H13830482,01/03/0002,19/04/0002,8/14/0002
93,H13830487,01/03/0002,19/04/0002,7/6/0002
94,H13830492,01/03/0002,19/04/0002,7/8/0002
95,H13830497,01/03/0002,19/04/0002,6/3/0002
96,H13830502,01/03/0002,19/04/0002,6/4/0002
97,H13830507,01/03/0002,19/04/0002,7/5/0002
98,H13830512,01/03/0002,19/04/0002,7/1/0002
99,H13830517,01/03/0002,19/04/0002,7/7/0002
100,H13830522,01/03/0002,19/04/0002,8/15/0002
101,H13830527,01/03/0002,19/04/0002,9/2/0002
102,H13830532,01/03/0002,19/04/0002,6/6/0002
103,H13830537,01/03/0002,19/04/0002,7/14/0002
104,H13830542,01/03/0002,19/04/0002,7/5/0002
105,H13830547,01/03/0002,19/04/0002,8/1/0002
106,H13830552,01/03/0002,19/04/0002,7/3/0002
107,H13830557,01/03/0002,19/04/0002,6/14/0002
108,H13830562,01/03/0002,19/04/0002,8/13/0002
109,H13830572,01/03/0002,19/04/0002,9/2/0002
110,H13830577,01/03/0002,19/04/0002,7/0/0002
111,H13830582,01/03/0002,19/04/0002,8/1/0002
112,H13830587,01/03/0002,19/04/0002,6/6/0002
113,H13830592,01/03/0002,19/04/0002,7/5/0002
114,H13830597,01/03/0002,19/04/0002,8/5/0002
115,H13830602,01/03/0002,19/04/0002,6/11/0002
116,H13830607,01/03/0002,19/04/0002,7/14/0002
117,H13830612,01/03/0002,19/04/0002,6/11/0002
118,H13830617,01/03/0002,19/04/0002,6/5/0002
119,H13830622,01/03/0002,19/04/0002,6/5/0002
120,H13830627,01/03/0002,19/04/0002,6/9/0002
121,H13830632,01/03/0002,19/04/0002,6/7/0002
122,H13830637,01/03/0002,19/04/0002,6/5/0002
123,H13830642,01/03/0002,19/04/0002,9/1/0002
124,H13830647,01/03/0002,19/04/0002,7/2/0002
125,H13830652,01/03/0002,19/04/0002,7/7/0002
126,H13830657,01/03/0002,19/04/0002,7/4/0002
127,H13830662,01/03/0002,19/04/0002,6/5/0002
128,H13831665,06/03/0002,31/03/0002,6/13/0002
129,H13831669,06/03/0002,31/03/0002,6/10/0002
130,H13831673,06/03/0002,31/03/0002,7/7/0002
131,H13831677,06/03/0002,31/03/0002,7/14/0002
132,H13831681,06/03/0002,31/03/0002,7/5/0002
133,H13831685,06/03/0002,31/03/0002,7/1/0002
134,H13831693,06/03/0002,31/03/0002,7/12/0002
135,H13831697,06/03/0002,31/03/0002,7/11/0002
136,H13831701,06/03/0002,31/03/0002,7/7/0002
137,H13831709,06/03/0002,31/03/0002,7/4/0002
138,H13831713,06/03/0002,31/03/0002,6/6/0002
139,H13831717,06/03/0002,31/03/0002,6/13/0002
140,H13836310,01/04/0002,08/07/0002,8/5/0002
141,H13836320,01/04/0002,08/07/0002,8/7/0002
142,H13836325,01/04/0002,08/07/0002,9/14/0002
143,H13836330,01/04/0002,08/07/0002,11/0/0002
144,H13836335,01/04/0002,08/07/0002,11/6/0002
145,H13836340,01/04/0002,08/07/0002,8/2/0002
146,H13836345,01/04/0002,08/07/0002,9/11/0002
147,H13836350,01/04/0002,08/07/0002,12/11/0002
148,H13836355,01/04/0002,08/07/0002,11/9/0002
149,H13836360,01/04/0002,08/07/0002,11/12/0002
150,H13836365,01/04/0002,08/07/0002,10/2/0002
151,H13836370,01/04/0002,08/07/0002,13/11/0002
152,H13836375,01/04/0002,08/07/0002,9/13/0002
153,H13836380,01/04/0002,08/07/0002,12/13/0002
154,H13836385,01/04/0002,08/07/0002,10/14/0002
155,H13836390,01/04/0002,08/07/0002,9/3/0002
156,H13836395,01/04/0002,08/07/0002,9/3/0002
157,H13836400,01/04/0002,08/07/0002,12/9/0002
158,H13836405,01/04/0002,08/07/0002,12/6/0002
159,H13836410,01/04/0002,08/07/0002,11/12/0002
160,H13836415,01/04/0002,08/07/0002,13/14/0002
161,H13836420,01/04/0002,08/07/0002,13/2/0002
162,H13836425,01/04/0002,08/07/0002,13/5/0002
163,H13836430,01/04/0002,08/07/0002,8/6/0002
164,H13836435,01/04/0002,08/07/0002,13/6/0002
165,H13836440,01/04/0002,08/07/0002,11/13/0002
166,H13836445,01/04/0002,08/07/0002,11/5/0002
167,H13836455,01/04/0002,20/05/0002,8/1/0002
168,H13836460,01/04/0002,20/05/0002,8/2/0002
169,H13836465,01/04/0002,20/05/0002,8/13/0002
170,H13836470,01/04/0002,20/05/0002,9/2/0002
171,H13836475,01/04/0002,20/05/0002,9/11/0002
172,H13836480,01/04/0002,20/05/0002,10/5/0002
173,H13836485,01/04/0002,20/05/0002,8/14/0002
174,H13836490,01/04/0002,20/05/0002,8/2/0002
175,H13836495,01/04/0002,20/05/0002,10/4/0002
176,H13836500,01/04/0002,20/05/0002,8/4/0002
177,H13836505,01/04/0002,20/05/0002,8/5/0002
178,H13836510,01/04/0002,20/05/0002,8/12/0002
179,H13836515,01/04/0002,20/05/0002,8/1/0002
180,H13836520,01/04/0002,20/05/0002,11/0/0002
181,H13836525,01/04/0002,20/05/0002,9/3/0002
182,H13836530,01/04/0002,20/05/0002,8/8/0002
183,H13836535,01/04/0002,20/05/0002,9/5/0002
184,H13836540,01/04/0002,20/05/0002,9/1/0002
185,H13836550,01/04/0002,20/05/0002,10/5/0002
186,H13836555,01/04/0002,20/05/0002,9/10/0002
187,H13836560,01/04/0002,20/05/0002,8/14/0002
188,H13836565,01/04/0002,20/05/0002,8/6/0002
189,H13836570,01/04/0002,20/05/0002,8/6/0002
190,H13836575,01/04/0002,20/05/0002,9/6/0002
191,H13836580,01/04/0002,20/05/0002,8/5/0002
192,H13836585,01/04/0002,20/05/0002,11/0/0002
193,H13836590,01/04/0002,20/05/0002,10/13/0002
194,H13836595,01/04/0002,20/05/0002,11/1/0002
195,H13836600,01/04/0002,20/05/0002,8/9/0002
196,H13836605,01/04/0002,20/05/0002,9/9/0002
197,H13836610,01/04/0002,20/05/0002,10/8/0002
198,H13836615,01/04/0002,20/05/0002,10/8/0002
199,H13836620,01/04/0002,20/05/0002,8/1/0002
200,H13836625,01/04/0002,20/05/0002,9/14/0002
201,H13836630,01/04/0002,20/05/0002,8/2/0002
202,H13836635,01/04/0002,20/05/0002,8/6/0002
203,H13836640,01/04/0002,20/05/0002,8/12/0002
